ClefProduit,CodeProduit,DescriptionProduit,MarqueProduit,CategorieProduit,Rayon,PrixProduitRecommande
1,PRD001,Focused neutral hierarchy,Apple,Meubles,reality,686.26
2,PRD002,User-centric attitude-oriented monitoring,HP,Alimentaire,thing,5.12
3,PRD003,Streamlined value-added Graphic Interface,HP,Alimentaire,rather,304.5
4,PRD004,Ameliorated zero tolerance utilization,HP,Électronique,wish,999.1
5,PRD005,Fully-configurable context-sensitive Graphical User Interface,HP,Vêtements,under,602.72
6,PRD006,Monitored mission-critical pricing structure,Sony,Électronique,reveal,955.51
7,PRD007,Synergistic 4thgeneration budgetary management,HP,Électronique,attention,243.68
8,PRD008,De-engineered eco-centric flexibility,Sony,Vêtements,increase,819.35
9,PRD009,Horizontal 4thgeneration project,HP,Électronique,term,926.06
10,PRD010,Organized zero tolerance secured line,Sony,Meubles,himself,394.86
11,PRD011,Expanded impactful protocol,Sony,Alimentaire,generation,781.4
12,PRD012,Multi-lateral human-resource hub,Samsung,Électronique,into,624.48
13,PRD013,De-engineered upward-trending hub,HP,Vêtements,between,333.69
14,PRD014,Streamlined executive installation,Sony,Électronique,free,587.95
15,PRD015,Grass-roots bottom-line methodology,Sony,Meubles,scientist,888.63
16,PRD016,Vision-oriented explicit alliance,Samsung,Vêtements,movement,266.18
17,PRD017,Visionary executive encoding,Samsung,Vêtements,gas,703.76
18,PRD018,Devolved eco-centric hardware,HP,Électronique,anything,255.68
19,PRD019,Seamless mobile matrix,Apple,Alimentaire,rate,176.01
20,PRD020,Compatible uniform access,HP,Vêtements,present,568.28
21,PRD021,Pre-emptive static model,Sony,Alimentaire,unit,589.31
22,PRD022,Automated global circuit,Apple,Alimentaire,build,919.28
23,PRD023,Grass-roots mission-critical protocol,LG,Électronique,run,940.49
24,PRD024,Quality-focused object-oriented success,HP,Alimentaire,difficult,15.88
25,PRD025,Optimized next generation middleware,LG,Électronique,why,158.04
26,PRD026,Quality-focused explicit workforce,Sony,Électronique,while,226.03
27,PRD027,Synchronized optimizing task-force,Samsung,Vêtements,stand,532.46
28,PRD028,Persevering disintermediate matrices,HP,Meubles,brother,937.12
29,PRD029,Organic mission-critical firmware,HP,Alimentaire,door,640.03
30,PRD030,Centralized local Graphical User Interface,LG,Électronique,chance,775.86
31,PRD031,Monitored contextually-based middleware,LG,Vêtements,today,148.84
32,PRD032,Cloned grid-enabled concept,LG,Meubles,market,401.93
33,PRD033,Visionary well-modulated instruction set,HP,Vêtements,term,155.07
34,PRD034,Public-key motivating task-force,Apple,Vêtements,real,857.35
35,PRD035,Decentralized upward-trending initiative,LG,Alimentaire,whose,945.7
36,PRD036,Configurable uniform complexity,LG,Meubles,others,828.47
37,PRD037,Proactive responsive task-force,Samsung,Alimentaire,start,880.23
38,PRD038,Managed tangible middleware,LG,Alimentaire,beyond,252.74
39,PRD039,Devolved maximized success,HP,Vêtements,so,194.39
40,PRD040,Open-architected asynchronous task-force,LG,Alimentaire,impact,668.85
41,PRD041,Universal tangible encoding,Samsung,Meubles,Congress,224.92
42,PRD042,Front-line global task-force,HP,Meubles,crime,473.05
43,PRD043,Organic 6thgeneration challenge,Apple,Électronique,season,91.51
44,PRD044,Versatile value-added attitude,LG,Électronique,perform,298.24
45,PRD045,Customizable full-range moderator,Samsung,Meubles,loss,150.86
46,PRD046,Horizontal context-sensitive encryption,HP,Électronique,continue,735.24
47,PRD047,Balanced well-modulated adapter,LG,Vêtements,responsibility,27.17
48,PRD048,Grass-roots systematic challenge,Apple,Meubles,yeah,818.92
49,PRD049,Business-focused clear-thinking budgetary management,Samsung,Électronique,reason,350.9
50,PRD050,Distributed uniform system engine,HP,Électronique,system,162.42
